id,class
10012.jpg,1
10020.jpg,0
10022.jpg,1
10037.jpg,0
10046.jpg,0
10054.jpg,1
10067.jpg,1
10071.jpg,1
10121.jpg,1
10136.jpg,0
10142.jpg,0
10156.jpg,1
10157.jpg,0
1016.jpg,1
10163.jpg,0
10166.jpg,0
10167.jpg,0
1017.jpg,1
10173.jpg,0
10176.jpg,1
10180.jpg,1
10202.jpg,1
10203.jpg,1
10221.jpg,0
10233.jpg,0
10234.jpg,0
10251.jpg,0
10259.jpg,0
10277.jpg,1
10280.jpg,1
10299.jpg,0
10303.jpg,0
10313.jpg,0
10320.jpg,1
10326.jpg,0
1033.jpg,1
10347.jpg,0
10365.jpg,0
10367.jpg,0
1038.jpg,1
10386.jpg,0
10407.jpg,0
10415.jpg,0
10445.jpg,1
10462.jpg,0
10467.jpg,0
10488.jpg,0
10512.jpg,0
10513.jpg,1
10553.jpg,0
10556.jpg,1
10565.jpg,1
10566.jpg,1
10569.jpg,1
10572.jpg,1
10575.jpg,1
10586.jpg,1
10588.jpg,0
10591.jpg,1
1061.jpg,1
10610.jpg,0
10617.jpg,0
10619.jpg,1
10629.jpg,0
10633.jpg,1
10635.jpg,0
1064.jpg,0
10657.jpg,0
10675.jpg,1
10684.jpg,0
10695.jpg,1
10699.jpg,0
10711.jpg,0
10716.jpg,1
10722.jpg,1
10739.jpg,1
10752.jpg,0
10765.jpg,1
10767.jpg,0
10769.jpg,0
10780.jpg,1
10789.jpg,1
10790.jpg,1
10791.jpg,0
10810.jpg,0
10816.jpg,0
10845.jpg,0
10848.jpg,1
10851.jpg,1
10852.jpg,1
10860.jpg,1
10863.jpg,1
10874.jpg,0
10876.jpg,0
1088.jpg,1
10880.jpg,1
10885.jpg,0
10891.jpg,0
10895.jpg,1
10905.jpg,0
10907.jpg,0
10918.jpg,1
10920.jpg,0
10923.jpg,1
10935.jpg,0
10972.jpg,0
10980.jpg,0
10987.jpg,1
11004.jpg,0
11010.jpg,1
11011.jpg,1
11020.jpg,0
11044.jpg,0
11053.jpg,1
1109.jpg,0
11099.jpg,0
11101.jpg,1
11112.jpg,1
11115.jpg,0
11123.jpg,1
11132.jpg,1
11134.jpg,0
1116.jpg,0
11167.jpg,0
11173.jpg,1
11185.jpg,0
11190.jpg,0
11198.jpg,0
11206.jpg,0
11210.jpg,0
11219.jpg,1
1123.jpg,0
11240.jpg,1
11242.jpg,0
11252.jpg,1
11253.jpg,1
11261.jpg,0
11272.jpg,1
1129.jpg,0
11295.jpg,1
11307.jpg,0
1132.jpg,0
11321.jpg,1
11356.jpg,1
11363.jpg,0
11364.jpg,0
11368.jpg,1
11375.jpg,0
11388.jpg,1
11396.jpg,0
11398.jpg,1
11399.jpg,0
11411.jpg,0
11430.jpg,1
11436.jpg,0
11459.jpg,0
11481.jpg,1
11489.jpg,1
11490.jpg,0
11497.jpg,1
11504.jpg,0
11505.jpg,1
11507.jpg,1
11520.jpg,1
11535.jpg,1
11539.jpg,0
11540.jpg,1
11543.jpg,1
11552.jpg,0
11559.jpg,1
11568.jpg,0
11581.jpg,0
11586.jpg,1
11589.jpg,0
1160.jpg,1
11606.jpg,1
11612.jpg,0
11614.jpg,0
11623.jpg,0
11635.jpg,1
1164.jpg,1
11677.jpg,1
11686.jpg,1
11707.jpg,1
1171.jpg,0
11720.jpg,0
11722.jpg,0
11733.jpg,1
11761.jpg,1
11774.jpg,1
118.jpg,1
11803.jpg,1
11813.jpg,0
11826.jpg,0
11834.jpg,1
1184.jpg,0
11863.jpg,1
11874.jpg,1
11888.jpg,0
1189.jpg,0
11896.jpg,0
11898.jpg,1
11900.jpg,1
11909.jpg,0
11914.jpg,0
11915.jpg,0
11916.jpg,1
11924.jpg,1
11926.jpg,0
11929.jpg,0
11933.jpg,1
11937.jpg,0
11951.jpg,1
11967.jpg,1
12002.jpg,0
12037.jpg,0
12045.jpg,0
12078.jpg,1
12083.jpg,1
12109.jpg,1
12111.jpg,1
12115.jpg,0
12140.jpg,1
12148.jpg,1
12152.jpg,0
12158.jpg,0
12162.jpg,1
12165.jpg,0
12170.jpg,1
12171.jpg,1
12172.jpg,0
12179.jpg,0
122.jpg,0
12204.jpg,1
12205.jpg,0
12220.jpg,0
12223.jpg,1
12232.jpg,1
12239.jpg,1
12245.jpg,1
12254.jpg,1
12268.jpg,1
12278.jpg,0
12292.jpg,1
12306.jpg,0
12315.jpg,1
12318.jpg,0
12324.jpg,1
12336.jpg,0
12346.jpg,1
12355.jpg,1
12380.jpg,0
12382.jpg,1
12398.jpg,1
12433.jpg,1
12439.jpg,1
12442.jpg,0
12462.jpg,0
12465.jpg,1
12480.jpg,0
12492.jpg,1
12498.jpg,1
12501.jpg,1
12515.jpg,0
12549.jpg,1
12553.jpg,1
12566.jpg,1
12576.jpg,1
1259.jpg,1
12593.jpg,1
126.jpg,1
12610.jpg,0
12617.jpg,1
1263.jpg,0
12640.jpg,0
12659.jpg,0
12666.jpg,0
12667.jpg,0
12668.jpg,0
12677.jpg,0
12688.jpg,1
12690.jpg,1
12702.jpg,1
12706.jpg,1
12711.jpg,1
12713.jpg,0
12718.jpg,1
12719.jpg,0
12720.jpg,1
12723.jpg,0
12730.jpg,1
12733.jpg,1
12734.jpg,1
12752.jpg,1
12755.jpg,1
12756.jpg,0
12770.jpg,0
12786.jpg,1
12788.jpg,1
12796.jpg,0
12838.jpg,0
12852.jpg,1
12868.jpg,1
12870.jpg,0
12874.jpg,0
12877.jpg,1
12882.jpg,0
12893.jpg,0
12894.jpg,0
12911.jpg,1
12931.jpg,1
12942.jpg,0
12946.jpg,0
1295.jpg,1
12950.jpg,0
12957.jpg,1
12972.jpg,1
12973.jpg,0
12977.jpg,0
12990.jpg,1
12994.jpg,0
13.jpg,1
13006.jpg,0
1301.jpg,1
13012.jpg,1
13023.jpg,1
13026.jpg,0
13027.jpg,1
13028.jpg,0
13033.jpg,1
13038.jpg,1
1304.jpg,0
13050.jpg,1
13056.jpg,0
13059.jpg,1
13105.jpg,0
13107.jpg,1
1311.jpg,1
13110.jpg,0
13113.jpg,0
13131.jpg,0
13132.jpg,1
13141.jpg,1
13147.jpg,0
13163.jpg,1
13175.jpg,1
13179.jpg,1
1318.jpg,0
13181.jpg,0
13187.jpg,0
13195.jpg,1
1320.jpg,0
13205.jpg,1
13210.jpg,0
13218.jpg,0
1322.jpg,1
13246.jpg,0
1325.jpg,0
13253.jpg,0
13269.jpg,1
13271.jpg,1
13277.jpg,1
13283.jpg,0
13284.jpg,0
13288.jpg,0
13289.jpg,0
13292.jpg,0
13300.jpg,0
13306.jpg,0
13354.jpg,1
13377.jpg,0
13382.jpg,0
1341.jpg,0
13423.jpg,1
13432.jpg,0
13439.jpg,1
13470.jpg,1
13491.jpg,1
13502.jpg,0
13507.jpg,0
13512.jpg,1
13524.jpg,0
1355.jpg,1
13551.jpg,0
13558.jpg,1
13561.jpg,1
13562.jpg,0
13570.jpg,0
13576.jpg,1
13577.jpg,1
13583.jpg,1
1359.jpg,0
13594.jpg,0
13605.jpg,0
13611.jpg,1
13612.jpg,0
1362.jpg,1
13633.jpg,0
13645.jpg,0
13659.jpg,0
1367.jpg,0
13687.jpg,0
13697.jpg,1
13702.jpg,1
13704.jpg,1
13716.jpg,0
13725.jpg,0
13732.jpg,0
13753.jpg,1
13755.jpg,1
13770.jpg,0
13786.jpg,0
13797.jpg,1
138.jpg,1
13805.jpg,0
13806.jpg,1
13807.jpg,0
13808.jpg,0
13821.jpg,1
1383.jpg,1
13835.jpg,0
13859.jpg,1
13873.jpg,1
13881.jpg,0
13886.jpg,0
13890.jpg,1
13898.jpg,1
13916.jpg,1
13917.jpg,1
13926.jpg,0
13930.jpg,0
13953.jpg,1
13958.jpg,0
13966.jpg,1
13968.jpg,1
13969.jpg,1
13971.jpg,1
13974.jpg,0
13977.jpg,1
13984.jpg,0
13991.jpg,1
13992.jpg,1
13997.jpg,0
1401.jpg,1
1402.jpg,0
14025.jpg,1
14031.jpg,0
14037.jpg,1
1404.jpg,1
14041.jpg,0
14044.jpg,0
14062.jpg,0
14077.jpg,0
14080.jpg,0
14081.jpg,1
14095.jpg,0
14100.jpg,1
14104.jpg,1
14110.jpg,0
14124.jpg,1
14125.jpg,0
14126.jpg,1
14137.jpg,0
14139.jpg,1
14149.jpg,1
1416.jpg,0
14172.jpg,1
1418.jpg,1
14181.jpg,0
14188.jpg,1
1419.jpg,0
14201.jpg,1
1422.jpg,1
14249.jpg,1
14250.jpg,0
14251.jpg,0
14257.jpg,0
14263.jpg,0
14279.jpg,0
14286.jpg,0
14290.jpg,0
14300.jpg,1
14313.jpg,0
14315.jpg,1
14327.jpg,0
14328.jpg,0
14334.jpg,1
14335.jpg,1
14350.jpg,1
14362.jpg,1
14366.jpg,1
1438.jpg,0
14383.jpg,1
14390.jpg,1
14396.jpg,1
14413.jpg,1
14415.jpg,1
14421.jpg,0
14423.jpg,1
14431.jpg,1
14437.jpg,0
14438.jpg,0
1444.jpg,0
14442.jpg,1
14459.jpg,1
14464.jpg,0
14467.jpg,0
14476.jpg,1
1448.jpg,0
14493.jpg,1
14496.jpg,1
14512.jpg,1
14519.jpg,1
1453.jpg,0
14531.jpg,0
14533.jpg,1
1454.jpg,1
14545.jpg,1
14548.jpg,0
14575.jpg,0
14576.jpg,0
14577.jpg,1
14579.jpg,1
1458.jpg,0
14583.jpg,0
14585.jpg,0
14607.jpg,1
14611.jpg,1
14618.jpg,0
14621.jpg,0
14623.jpg,0
14628.jpg,1
14630.jpg,0
1464.jpg,1
14641.jpg,0
14646.jpg,0
14658.jpg,1
14665.jpg,0
14667.jpg,0
14673.jpg,1
14692.jpg,1
14700.jpg,1
14708.jpg,0
14718.jpg,0
14727.jpg,1
14732.jpg,0
14737.jpg,0
14773.jpg,1
1478.jpg,0
14781.jpg,0
14800.jpg,0
14802.jpg,1
14807.jpg,0
1482.jpg,1
14824.jpg,0
14835.jpg,1
14848.jpg,1
14853.jpg,0
14857.jpg,1
1487.jpg,0
14870.jpg,1
14881.jpg,0
14887.jpg,1
14895.jpg,1
14912.jpg,0
14919.jpg,1
1492.jpg,0
14931.jpg,1
14934.jpg,1
14935.jpg,1
14942.jpg,0
14943.jpg,0
14957.jpg,0
14963.jpg,1
14970.jpg,1
14998.jpg,1
15005.jpg,1
15016.jpg,0
1502.jpg,1
15020.jpg,1
15031.jpg,1
15034.jpg,1
15036.jpg,1
1504.jpg,0
15058.jpg,1
15063.jpg,0
15066.jpg,0
15080.jpg,0
15091.jpg,1
15111.jpg,0
15114.jpg,0
15144.jpg,1
15145.jpg,0
15150.jpg,0
15158.jpg,0
15177.jpg,1
1518.jpg,1
15186.jpg,1
15195.jpg,0
15205.jpg,1
15216.jpg,0
15234.jpg,0
15236.jpg,1
15244.jpg,0
15245.jpg,0
15248.jpg,1
15255.jpg,1
15258.jpg,0
15269.jpg,1
15274.jpg,1
15280.jpg,1
15282.jpg,1
15303.jpg,1
15312.jpg,1
15313.jpg,1
15326.jpg,1
15335.jpg,1
15343.jpg,0
15359.jpg,0
15366.jpg,1
15367.jpg,0
15370.jpg,1
15395.jpg,1
15405.jpg,1
15410.jpg,1
15416.jpg,0
15429.jpg,1
15436.jpg,1
15439.jpg,1
1544.jpg,0
15457.jpg,0
15506.jpg,0
15509.jpg,0
15515.jpg,0
15521.jpg,1
15523.jpg,1
15537.jpg,1
15539.jpg,1
15558.jpg,1
15567.jpg,1
1557.jpg,1
15571.jpg,0
15573.jpg,1
15588.jpg,0
156.jpg,0
15603.jpg,1
1598.jpg,1
1603.jpg,1
1615.jpg,1
1632.jpg,0
1683.jpg,1
1685.jpg,0
1688.jpg,0
1703.jpg,0
1705.jpg,0
1712.jpg,1
1720.jpg,0
1724.jpg,0
1736.jpg,1
1737.jpg,1
177.jpg,0
1777.jpg,0
1780.jpg,1
1805.jpg,0
1812.jpg,0
1829.jpg,1
1835.jpg,1
1836.jpg,0
1853.jpg,1
1859.jpg,1
1861.jpg,0
1868.jpg,0
1875.jpg,0
188.jpg,0
1885.jpg,1
1888.jpg,1
189.jpg,1
1909.jpg,1
1919.jpg,1
1926.jpg,1
1939.jpg,0
1943.jpg,0
1954.jpg,0
1956.jpg,1
1974.jpg,1
1986.jpg,1
1988.jpg,0
1989.jpg,1
1995.jpg,0
1999.jpg,1
2026.jpg,1
2027.jpg,0
203.jpg,0
2031.jpg,0
2037.jpg,1
2045.jpg,0
2052.jpg,1
2053.jpg,1
2057.jpg,0
207.jpg,1
209.jpg,0
211.jpg,1
2111.jpg,0
2119.jpg,0
2122.jpg,0
2142.jpg,1
2146.jpg,1
2162.jpg,1
2178.jpg,0
2186.jpg,1
2196.jpg,0
2198.jpg,0
2210.jpg,1
222.jpg,1
223.jpg,1
2238.jpg,1
2251.jpg,0
2258.jpg,0
226.jpg,0
2276.jpg,0
2285.jpg,1
231.jpg,1
2317.jpg,0
2320.jpg,1
2355.jpg,0
2375.jpg,1
2385.jpg,0
241.jpg,0
2411.jpg,1
2415.jpg,1
2420.jpg,1
2422.jpg,0
2430.jpg,0
2431.jpg,0
2439.jpg,0
2445.jpg,1
2450.jpg,0
2462.jpg,1
2467.jpg,0
2510.jpg,1
2550.jpg,1
2556.jpg,0
257.jpg,0
2583.jpg,1
2599.jpg,1
2605.jpg,1
2610.jpg,1
2613.jpg,0
2617.jpg,0
2619.jpg,0
2620.jpg,0
2634.jpg,0
2636.jpg,1
2645.jpg,0
2648.jpg,0
2650.jpg,1
2672.jpg,1
2673.jpg,0
2679.jpg,1
269.jpg,0
2703.jpg,0
2724.jpg,1
2738.jpg,1
2739.jpg,0
2752.jpg,0
277.jpg,0
2770.jpg,1
2772.jpg,1
2773.jpg,0
2774.jpg,1
28.jpg,0
2801.jpg,0
2815.jpg,1
2817.jpg,0
2824.jpg,1
283.jpg,0
2831.jpg,0
2843.jpg,0
2845.jpg,1
2847.jpg,0
2852.jpg,1
2863.jpg,0
287.jpg,1
288.jpg,1
2880.jpg,1
2884.jpg,0
2900.jpg,0
2909.jpg,0
2918.jpg,0
2928.jpg,1
2932.jpg,1
2947.jpg,0
2958.jpg,0
2966.jpg,0
2969.jpg,0
298.jpg,1
2987.jpg,0
2988.jpg,0
300.jpg,1
3001.jpg,0
3019.jpg,1
304.jpg,0
3044.jpg,1
3052.jpg,0
3067.jpg,1
3101.jpg,1
3109.jpg,1
3117.jpg,0
3128.jpg,1
3129.jpg,1
3131.jpg,0
3132.jpg,1
3148.jpg,1
3149.jpg,0
3164.jpg,1
3201.jpg,1
3212.jpg,1
3241.jpg,0
325.jpg,1
3269.jpg,0
3274.jpg,0
3280.jpg,0
33.jpg,0
3300.jpg,0
3307.jpg,1
3318.jpg,1
3326.jpg,1
3329.jpg,0
3334.jpg,1
336.jpg,1
3362.jpg,1
337.jpg,0
3382.jpg,1
3387.jpg,0
3392.jpg,1
3393.jpg,0
3394.jpg,1
34.jpg,0
3403.jpg,0
3411.jpg,0
3413.jpg,1
3420.jpg,1
3433.jpg,0
344.jpg,1
3456.jpg,1
3457.jpg,1
3462.jpg,0
3475.jpg,1
3479.jpg,0
3483.jpg,1
3485.jpg,0
3488.jpg,1
3490.jpg,0
3494.jpg,1
3497.jpg,0
35.jpg,1
3505.jpg,1
3508.jpg,0
3513.jpg,1
3515.jpg,0
3534.jpg,0
355.jpg,1
3565.jpg,1
3574.jpg,0
3575.jpg,1
3584.jpg,1
3600.jpg,0
3613.jpg,1
3623.jpg,0
3625.jpg,1
3626.jpg,1
363.jpg,0
3638.jpg,0
3652.jpg,1
3695.jpg,0
3698.jpg,1
3699.jpg,1
3721.jpg,0
3736.jpg,1
3744.jpg,1
3746.jpg,1
3755.jpg,0
3777.jpg,1
3785.jpg,0
3788.jpg,1
3800.jpg,0
3817.jpg,1
3819.jpg,1
3841.jpg,0
3850.jpg,0
3854.jpg,0
3858.jpg,0
3864.jpg,1
387.jpg,1
3877.jpg,1
3891.jpg,0
3904.jpg,0
3908.jpg,1
3909.jpg,0
3956.jpg,1
3957.jpg,1
3967.jpg,0
3975.jpg,0
3988.jpg,1
3992.jpg,0
4001.jpg,0
4006.jpg,1
4008.jpg,0
4011.jpg,1
4029.jpg,0
4048.jpg,1
4058.jpg,1
4082.jpg,1
4091.jpg,0
4102.jpg,1
4108.jpg,1
4125.jpg,0
4128.jpg,0
4132.jpg,1
4136.jpg,1
4137.jpg,0
4140.jpg,1
4164.jpg,0
4165.jpg,1
4181.jpg,0
4187.jpg,1
4207.jpg,1
4215.jpg,0
4219.jpg,1
4230.jpg,1
4231.jpg,0
4238.jpg,1
4241.jpg,1
4245.jpg,1
4253.jpg,0
4257.jpg,1
426.jpg,1
427.jpg,1
4281.jpg,0
4286.jpg,0
4298.jpg,0
4316.jpg,0
4332.jpg,1
4354.jpg,1
4358.jpg,0
436.jpg,0
4360.jpg,0
4362.jpg,0
437.jpg,1
4372.jpg,0
4373.jpg,0
4383.jpg,1
4397.jpg,0
441.jpg,0
4413.jpg,1
4420.jpg,0
4424.jpg,1
4425.jpg,1
4428.jpg,1
4436.jpg,1
4446.jpg,1
4448.jpg,1
446.jpg,1
4483.jpg,0
4488.jpg,0
4496.jpg,1
4511.jpg,0
4522.jpg,1
4524.jpg,0
453.jpg,0
4536.jpg,0
4540.jpg,0
4542.jpg,0
4546.jpg,0
4555.jpg,0
4560.jpg,0
4573.jpg,1
4577.jpg,0
4583.jpg,1
4584.jpg,0
4609.jpg,1
4624.jpg,1
463.jpg,0
4634.jpg,1
4639.jpg,0
4667.jpg,0
4671.jpg,0
4689.jpg,1
4726.jpg,0
4729.jpg,0
4737.jpg,0
4748.jpg,0
4756.jpg,0
4759.jpg,1
476.jpg,0
4762.jpg,1
4765.jpg,1
4770.jpg,0
4772.jpg,1
4782.jpg,1
4789.jpg,0
4796.jpg,0
4802.jpg,1
4824.jpg,1
4826.jpg,1
4827.jpg,1
4849.jpg,1
4893.jpg,0
4898.jpg,1
4927.jpg,0
4929.jpg,0
493.jpg,0
4932.jpg,1
4954.jpg,1
4959.jpg,1
4964.jpg,0
4977.jpg,0
4990.jpg,1
50.jpg,0
5005.jpg,1
5006.jpg,1
5008.jpg,1
5025.jpg,0
5031.jpg,1
5038.jpg,1
5047.jpg,1
5078.jpg,0
5098.jpg,0
5115.jpg,1
5128.jpg,1
513.jpg,1
5153.jpg,0
5169.jpg,1
5185.jpg,1
521.jpg,0
5249.jpg,1
5279.jpg,0
5307.jpg,0
5309.jpg,0
532.jpg,0
5323.jpg,1
5331.jpg,1
5334.jpg,1
5336.jpg,1
5362.jpg,0
5367.jpg,1
5380.jpg,1
5387.jpg,0
539.jpg,1
5413.jpg,0
5420.jpg,0
5428.jpg,0
5439.jpg,1
5446.jpg,1
5454.jpg,0
546.jpg,1
5494.jpg,1
5498.jpg,0
5500.jpg,0
5505.jpg,0
551.jpg,1
5518.jpg,1
5527.jpg,1
554.jpg,1
5548.jpg,1
556.jpg,0
5567.jpg,1
5576.jpg,1
5578.jpg,0
5582.jpg,1
5583.jpg,1
5586.jpg,1
560.jpg,1
5635.jpg,1
5637.jpg,1
5647.jpg,0
5666.jpg,1
5683.jpg,1
5684.jpg,1
5690.jpg,0
5723.jpg,0
5744.jpg,1
5745.jpg,0
5746.jpg,1
5755.jpg,1
5760.jpg,0
578.jpg,0
5797.jpg,0
5799.jpg,0
5802.jpg,0
5804.jpg,1
5808.jpg,0
5821.jpg,1
5834.jpg,0
5836.jpg,1
5841.jpg,0
5868.jpg,1
5870.jpg,1
5877.jpg,1
5881.jpg,1
5890.jpg,1
5893.jpg,0
5902.jpg,1
591.jpg,0
5917.jpg,0
592.jpg,1
5923.jpg,0
593.jpg,0
5965.jpg,0
5983.jpg,1
599.jpg,1
5990.jpg,1
5996.jpg,1
6065.jpg,1
6082.jpg,1
6095.jpg,1
6108.jpg,1
611.jpg,1
6113.jpg,0
6137.jpg,0
6138.jpg,0
6150.jpg,0
6160.jpg,1
6162.jpg,0
6174.jpg,1
618.jpg,0
6181.jpg,0
62.jpg,0
6210.jpg,0
6216.jpg,0
6218.jpg,1
6221.jpg,1
6228.jpg,0
624.jpg,1
6244.jpg,0
6265.jpg,1
6268.jpg,0
6269.jpg,1
6276.jpg,0
6287.jpg,0
6294.jpg,1
6303.jpg,1
6305.jpg,0
631.jpg,1
634.jpg,1
6340.jpg,1
6351.jpg,0
6370.jpg,0
6374.jpg,1
6388.jpg,0
6402.jpg,0
6403.jpg,0
6410.jpg,0
6412.jpg,1
6419.jpg,0
6432.jpg,1
6435.jpg,1
6462.jpg,0
6469.jpg,0
6477.jpg,0
6486.jpg,1
6494.jpg,0
6504.jpg,1
6505.jpg,0
6506.jpg,1
6508.jpg,0
6517.jpg,0
6529.jpg,0
6549.jpg,0
6562.jpg,0
6564.jpg,0
6579.jpg,0
6586.jpg,0
6588.jpg,1
660.jpg,1
6613.jpg,0
6618.jpg,1
6622.jpg,0
6624.jpg,1
6629.jpg,1
6634.jpg,0
6641.jpg,1
6650.jpg,1
6655.jpg,1
6665.jpg,0
6713.jpg,1
6715.jpg,1
6723.jpg,1
6732.jpg,0
6733.jpg,1
6763.jpg,1
6765.jpg,0
6780.jpg,0
6782.jpg,1
6783.jpg,1
6789.jpg,1
6790.jpg,0
6791.jpg,0
6802.jpg,0
6810.jpg,0
6812.jpg,1
6817.jpg,0
6833.jpg,0
6853.jpg,1
6856.jpg,1
6884.jpg,0
6898.jpg,1
6905.jpg,0
6907.jpg,0
6908.jpg,1
6924.jpg,1
6950.jpg,0
6953.jpg,1
6955.jpg,0
6961.jpg,0
6963.jpg,1
6971.jpg,0
6976.jpg,0
6977.jpg,0
6978.jpg,0
6980.jpg,1
6982.jpg,1
6983.jpg,0
6996.jpg,1
7.jpg,1
7005.jpg,1
7010.jpg,0
7011.jpg,1
7022.jpg,0
7030.jpg,0
7044.jpg,1
7046.jpg,1
7052.jpg,0
7058.jpg,1
7067.jpg,1
7070.jpg,1
7075.jpg,0
7077.jpg,1
7100.jpg,0
7102.jpg,1
7109.jpg,1
7122.jpg,0
7127.jpg,1
7128.jpg,0
7138.jpg,0
714.jpg,1
7143.jpg,1
7146.jpg,1
7155.jpg,1
7166.jpg,1
7172.jpg,1
7173.jpg,1
7178.jpg,0
718.jpg,1
7180.jpg,1
7183.jpg,0
7192.jpg,1
7205.jpg,0
7210.jpg,0
7215.jpg,0
7216.jpg,1
7237.jpg,0
7242.jpg,0
7245.jpg,1
7249.jpg,0
7260.jpg,0
7265.jpg,0
7269.jpg,1
730.jpg,0
7304.jpg,1
731.jpg,0
7314.jpg,1
7333.jpg,0
7349.jpg,0
7356.jpg,0
7381.jpg,0
7384.jpg,1
7410.jpg,1
742.jpg,1
7421.jpg,0
7427.jpg,1
7437.jpg,0
7450.jpg,0
746.jpg,1
7481.jpg,0
7482.jpg,1
7483.jpg,1
7488.jpg,0
749.jpg,1
7493.jpg,1
7496.jpg,0
7531.jpg,0
7534.jpg,0
7547.jpg,1
7550.jpg,0
7557.jpg,0
7562.jpg,0
7567.jpg,1
7568.jpg,1
7576.jpg,1
7588.jpg,1
7590.jpg,1
7599.jpg,0
7622.jpg,0
7624.jpg,0
7628.jpg,1
7638.jpg,0
7657.jpg,0
7659.jpg,0
7672.jpg,1
7681.jpg,1
7688.jpg,0
769.jpg,0
7691.jpg,1
770.jpg,0
7710.jpg,1
7723.jpg,1
7727.jpg,1
7729.jpg,1
7730.jpg,0
7743.jpg,1
7750.jpg,0
7752.jpg,1
7764.jpg,0
7770.jpg,1
7777.jpg,1
7779.jpg,0
7781.jpg,0
7803.jpg,0
7806.jpg,1
7810.jpg,1
7819.jpg,1
7834.jpg,1
7838.jpg,0
7841.jpg,1
785.jpg,1
7864.jpg,0
7878.jpg,1
7881.jpg,1
7896.jpg,0
7910.jpg,0
7919.jpg,1
7925.jpg,0
7949.jpg,0
7959.jpg,1
7973.jpg,1
7990.jpg,1
7997.jpg,1
8.jpg,0
801.jpg,0
8017.jpg,0
8044.jpg,1
8049.jpg,1
8053.jpg,0
8068.jpg,1
8084.jpg,0
8091.jpg,1
8108.jpg,0
8117.jpg,1
8142.jpg,0
815.jpg,1
8155.jpg,1
8180.jpg,1
8192.jpg,1
8206.jpg,0
8211.jpg,0
8224.jpg,1
8226.jpg,1
8231.jpg,0
8236.jpg,1
8247.jpg,1
8252.jpg,1
8267.jpg,1
8289.jpg,1
8303.jpg,1
832.jpg,1
8321.jpg,0
8323.jpg,1
8325.jpg,0
8357.jpg,0
8360.jpg,1
8370.jpg,0
8374.jpg,0
8380.jpg,1
8395.jpg,1
8422.jpg,0
8423.jpg,1
8426.jpg,0
8431.jpg,0
8433.jpg,0
8439.jpg,0
8440.jpg,1
8460.jpg,1
848.jpg,0
8489.jpg,0
849.jpg,0
8504.jpg,0
8507.jpg,1
851.jpg,0
8515.jpg,0
8526.jpg,1
8529.jpg,0
8536.jpg,1
8545.jpg,0
8553.jpg,0
8557.jpg,0
8562.jpg,1
8568.jpg,0
8573.jpg,1
8574.jpg,1
859.jpg,1
8595.jpg,1
8602.jpg,0
8605.jpg,0
861.jpg,1
8618.jpg,0
8640.jpg,0
8641.jpg,0
8645.jpg,1
8647.jpg,1
8654.jpg,1
8659.jpg,0
8688.jpg,1
8689.jpg,0
869.jpg,1
8692.jpg,0
8695.jpg,0
870.jpg,1
8704.jpg,0
8714.jpg,0
8720.jpg,0
8729.jpg,1
8749.jpg,0
8771.jpg,1
8778.jpg,0
8782.jpg,0
8783.jpg,0
8789.jpg,0
8808.jpg,1
881.jpg,0
8815.jpg,0
8834.jpg,1
8836.jpg,0
8839.jpg,1
8854.jpg,1
8879.jpg,0
8886.jpg,0
8892.jpg,1
8911.jpg,0
8921.jpg,1
8929.jpg,0
8991.jpg,0
9008.jpg,0
9018.jpg,0
9024.jpg,1
9032.jpg,1
9033.jpg,0
9040.jpg,1
9047.jpg,0
9053.jpg,1
9059.jpg,0
9060.jpg,1
9071.jpg,1
9082.jpg,0
9086.jpg,0
9088.jpg,0
9093.jpg,0
9095.jpg,0
911.jpg,0
9111.jpg,0
9113.jpg,0
9114.jpg,1
9115.jpg,0
9123.jpg,1
9132.jpg,1
9150.jpg,1
9167.jpg,0
9173.jpg,0
92.jpg,1
922.jpg,1
9222.jpg,1
9223.jpg,1
9228.jpg,1
9234.jpg,0
925.jpg,1
9260.jpg,1
9270.jpg,1
9290.jpg,0
930.jpg,1
9300.jpg,1
9303.jpg,1
9310.jpg,1
9323.jpg,0
9325.jpg,1
9334.jpg,1
9336.jpg,0
9342.jpg,0
9361.jpg,0
9363.jpg,1
9373.jpg,0
9384.jpg,1
9393.jpg,1
9407.jpg,1
9421.jpg,0
9442.jpg,1
9443.jpg,1
9448.jpg,1
9458.jpg,1
9461.jpg,1
9463.jpg,1
9474.jpg,1
9483.jpg,1
9486.jpg,0
9504.jpg,1
9507.jpg,0
9523.jpg,0
9537.jpg,0
9548.jpg,1
9571.jpg,1
9595.jpg,1
960.jpg,1
9601.jpg,0
9603.jpg,1
9629.jpg,1
9635.jpg,1
9638.jpg,1
9647.jpg,1
9656.jpg,1
9664.jpg,0
9671.jpg,0
9674.jpg,0
9677.jpg,1
9713.jpg,0
9715.jpg,1
9758.jpg,1
9769.jpg,0
9776.jpg,0
9785.jpg,1
9805.jpg,1
9807.jpg,0
9816.jpg,1
9817.jpg,0
9823.jpg,0
9824.jpg,0
9826.jpg,0
9850.jpg,1
9866.jpg,0
9873.jpg,1
988.jpg,1
9885.jpg,1
9897.jpg,1
9904.jpg,0
9906.jpg,0
9907.jpg,0
9909.jpg,1
992.jpg,1
9921.jpg,0
9955.jpg,1
9968.jpg,0
9978.jpg,1
9982.jpg,0
9984.jpg,1
